<resources>
    <color name="md_theme_primary">#2C6A45</color>
    <color name="md_theme_onPrimary">#FFFFFF</color>
    <color name="md_theme_primaryContainer">#B0F1C2</color>
    <color name="md_theme_onPrimaryContainer">#00210F</color>
    <color name="md_theme_secondary">#4F6354</color>
    <color name="md_theme_onSecondary">#FFFFFF</color>
    <color name="md_theme_secondaryContainer">#D1E8D4</color>
    <color name="md_theme_onSecondaryContainer">#0D1F13</color>
    <color name="md_theme_tertiary">#3B6470</color>
    <color name="md_theme_onTertiary">#FFFFFF</color>
    <color name="md_theme_tertiaryContainer">#BEEAF7</color>
    <color name="md_theme_onTertiaryContainer">#001F26</color>
    <color name="md_theme_error">#BA1A1A</color>
    <color name="md_theme_onError">#FFFFFF</color>
    <color name="md_theme_errorContainer">#FFDAD6</color>
    <color name="md_theme_onErrorContainer">#410002</color>
    <color name="md_theme_background">#F6FBF3</color>
    <color name="md_theme_onBackground">#181D19</color>
    <color name="md_theme_surface">#F6FBF3</color>
    <color name="md_theme_onSurface">#181D19</color>
    <color name="md_theme_surfaceVariant">#DCE5DB</color>
    <color name="md_theme_onSurfaceVariant">#414942</color>
    <color name="md_theme_outline">#717971</color>
    <color name="md_theme_outlineVariant">#C0C9BF</color>
    <color name="md_theme_scrim">#000000</color>
    <color name="md_theme_inverseSurface">#2C322D</color>
    <color name="md_theme_inverseOnSurface">#EDF2EB</color>
    <color name="md_theme_inversePrimary">#95D5A8</color>
    <color name="md_theme_primaryFixed">#B0F1C2</color>
    <color name="md_theme_onPrimaryFixed">#00210F</color>
    <color name="md_theme_primaryFixedDim">#95D5A8</color>
    <color name="md_theme_onPrimaryFixedVariant">#0F512F</color>
    <color name="md_theme_secondaryFixed">#D1E8D4</color>
    <color name="md_theme_onSecondaryFixed">#0D1F13</color>
    <color name="md_theme_secondaryFixedDim">#B6CCB9</color>
    <color name="md_theme_onSecondaryFixedVariant">#384B3D</color>
    <color name="md_theme_tertiaryFixed">#BEEAF7</color>
    <color name="md_theme_onTertiaryFixed">#001F26</color>
    <color name="md_theme_tertiaryFixedDim">#A3CDDA</color>
    <color name="md_theme_onTertiaryFixedVariant">#214C57</color>
    <color name="md_theme_surfaceDim">#D6DBD4</color>
    <color name="md_theme_surfaceBright">#F6FBF3</color>
    <color name="md_theme_surfaceContainerLowest">#FFFFFF</color>
    <color name="md_theme_surfaceContainerLow">#F0F5EE</color>
    <color name="md_theme_surfaceContainer">#EAEFE8</color>
    <color name="md_theme_surfaceContainerHigh">#E5EAE2</color>
    <color name="md_theme_surfaceContainerHighest">#DFE4DD</color>
    <color name="md_theme_primary_mediumContrast">#084D2B</color>
    <color name="md_theme_onPrimary_mediumContrast">#FFFFFF</color>
    <color name="md_theme_primaryContainer_mediumContrast">#44815A</color>
    <color name="md_theme_onPrimaryContainer_mediumContrast">#FFFFFF</color>
    <color name="md_theme_secondary_mediumContrast">#344739</color>
    <color name="md_theme_onSecondary_mediumContrast">#FFFFFF</color>
    <color name="md_theme_secondaryContainer_mediumContrast">#657A69</color>
    <color name="md_theme_onSecondaryContainer_mediumContrast">#FFFFFF</color>
    <color name="md_theme_tertiary_mediumContrast">#1C4853</color>
    <color name="md_theme_onTertiary_mediumContrast">#FFFFFF</color>
    <color name="md_theme_tertiaryContainer_mediumContrast">#517B86</color>
    <color name="md_theme_onTertiaryContainer_mediumContrast">#FFFFFF</color>
    <color name="md_theme_error_mediumContrast">#8C0009</color>
    <color name="md_theme_onError_mediumContrast">#FFFFFF</color>
    <color name="md_theme_errorContainer_mediumContrast">#DA342E</color>
    <color name="md_theme_onErrorContainer_mediumContrast">#FFFFFF</color>
    <color name="md_theme_background_mediumContrast">#F6FBF3</color>
    <color name="md_theme_onBackground_mediumContrast">#181D19</color>
    <color name="md_theme_surface_mediumContrast">#F6FBF3</color>
    <color name="md_theme_onSurface_mediumContrast">#181D19</color>
    <color name="md_theme_surfaceVariant_mediumContrast">#DCE5DB</color>
    <color name="md_theme_onSurfaceVariant_mediumContrast">#3D453E</color>
    <color name="md_theme_outline_mediumContrast">#59615A</color>
    <color name="md_theme_outlineVariant_mediumContrast">#757D75</color>
    <color name="md_theme_scrim_mediumContrast">#000000</color>
    <color name="md_theme_inverseSurface_mediumContrast">#2C322D</color>
    <color name="md_theme_inverseOnSurface_mediumContrast">#EDF2EB</color>
    <color name="md_theme_inversePrimary_mediumContrast">#95D5A8</color>
    <color name="md_theme_primaryFixed_mediumContrast">#44815A</color>
    <color name="md_theme_onPrimaryFixed_mediumContrast">#FFFFFF</color>
    <color name="md_theme_primaryFixedDim_mediumContrast">#2A6743</color>
    <color name="md_theme_onPrimaryFixedVariant_mediumContrast">#FFFFFF</color>
    <color name="md_theme_secondaryFixed_mediumContrast">#657A69</color>
    <color name="md_theme_onSecondaryFixed_mediumContrast">#FFFFFF</color>
    <color name="md_theme_secondaryFixedDim_mediumContrast">#4C6151</color>
    <color name="md_theme_onSecondaryFixedVariant_mediumContrast">#FFFFFF</color>
    <color name="md_theme_tertiaryFixed_mediumContrast">#517B86</color>
    <color name="md_theme_onTertiaryFixed_mediumContrast">#FFFFFF</color>
    <color name="md_theme_tertiaryFixedDim_mediumContrast">#38626D</color>
    <color name="md_theme_onTertiaryFixedVariant_mediumContrast">#FFFFFF</color>
    <color name="md_theme_surfaceDim_mediumContrast">#D6DBD4</color>
    <color name="md_theme_surfaceBright_mediumContrast">#F6FBF3</color>
    <color name="md_theme_surfaceContainerLowest_mediumContrast">#FFFFFF</color>
    <color name="md_theme_surfaceContainerLow_mediumContrast">#F0F5EE</color>
    <color name="md_theme_surfaceContainer_mediumContrast">#EAEFE8</color>
    <color name="md_theme_surfaceContainerHigh_mediumContrast">#E5EAE2</color>
    <color name="md_theme_surfaceContainerHighest_mediumContrast">#DFE4DD</color>
    <color name="md_theme_primary_highContrast">#002913</color>
    <color name="md_theme_onPrimary_highContrast">#FFFFFF</color>
    <color name="md_theme_primaryContainer_highContrast">#084D2B</color>
    <color name="md_theme_onPrimaryContainer_highContrast">#FFFFFF</color>
    <color name="md_theme_secondary_highContrast">#13261A</color>
    <color name="md_theme_onSecondary_highContrast">#FFFFFF</color>
    <color name="md_theme_secondaryContainer_highContrast">#344739</color>
    <color name="md_theme_onSecondaryContainer_highContrast">#FFFFFF</color>
    <color name="md_theme_tertiary_highContrast">#00262F</color>
    <color name="md_theme_onTertiary_highContrast">#FFFFFF</color>
    <color name="md_theme_tertiaryContainer_highContrast">#1C4853</color>
    <color name="md_theme_onTertiaryContainer_highContrast">#FFFFFF</color>
    <color name="md_theme_error_highContrast">#4E0002</color>
    <color name="md_theme_onError_highContrast">#FFFFFF</color>
    <color name="md_theme_errorContainer_highContrast">#8C0009</color>
    <color name="md_theme_onErrorContainer_highContrast">#FFFFFF</color>
    <color name="md_theme_background_highContrast">#F6FBF3</color>
    <color name="md_theme_onBackground_highContrast">#181D19</color>
    <color name="md_theme_surface_highContrast">#F6FBF3</color>
    <color name="md_theme_onSurface_highContrast">#000000</color>
    <color name="md_theme_surfaceVariant_highContrast">#DCE5DB</color>
    <color name="md_theme_onSurfaceVariant_highContrast">#1E2620</color>
    <color name="md_theme_outline_highContrast">#3D453E</color>
    <color name="md_theme_outlineVariant_highContrast">#3D453E</color>
    <color name="md_theme_scrim_highContrast">#000000</color>
    <color name="md_theme_inverseSurface_highContrast">#2C322D</color>
    <color name="md_theme_inverseOnSurface_highContrast">#FFFFFF</color>
    <color name="md_theme_inversePrimary_highContrast">#B9FBCC</color>
    <color name="md_theme_primaryFixed_highContrast">#084D2B</color>
    <color name="md_theme_onPrimaryFixed_highContrast">#FFFFFF</color>
    <color name="md_theme_primaryFixedDim_highContrast">#00351B</color>
    <color name="md_theme_onPrimaryFixedVariant_highContrast">#FFFFFF</color>
    <color name="md_theme_secondaryFixed_highContrast">#344739</color>
    <color name="md_theme_onSecondaryFixed_highContrast">#FFFFFF</color>
    <color name="md_theme_secondaryFixedDim_highContrast">#1E3124</color>
    <color name="md_theme_onSecondaryFixedVariant_highContrast">#FFFFFF</color>
    <color name="md_theme_tertiaryFixed_highContrast">#1C4853</color>
    <color name="md_theme_onTertiaryFixed_highContrast">#FFFFFF</color>
    <color name="md_theme_tertiaryFixedDim_highContrast">#00323C</color>
    <color name="md_theme_onTertiaryFixedVariant_highContrast">#FFFFFF</color>
    <color name="md_theme_surfaceDim_highContrast">#D6DBD4</color>
    <color name="md_theme_surfaceBright_highContrast">#F6FBF3</color>
    <color name="md_theme_surfaceContainerLowest_highContrast">#FFFFFF</color>
    <color name="md_theme_surfaceContainerLow_highContrast">#F0F5EE</color>
    <color name="md_theme_surfaceContainer_highContrast">#EAEFE8</color>
    <color name="md_theme_surfaceContainerHigh_highContrast">#E5EAE2</color>
    <color name="md_theme_surfaceContainerHighest_highContrast">#DFE4DD</color>
</resources>
